domain,seqlen,scTM,scRMSD,pLDDT,pAE,generated_pct_helix,generated_pct_strand,generated_pct_ss,generated_pct_left_helix,designed_pct_helix,designed_pct_strand,designed_pct_ss,designed_pct_left_helix,single_cluster_idx,complete_cluster_idx,average_cluster_idx,fs_cluster_idx,tm_div,novelty_pdb_588K,novelty_pdb
150_34,150,0.975,0.742,88.469,3.002,0.473,0.153,0.627,0.0,0.473,0.153,0.627,0.0,319,344,342,150_34,0.515,0.859,0.78
250_85,250,0.961,1.2,86.672,3.917,0.664,0.044,0.708,0.0,0.664,0.02,0.684,0.0,333,358,356,200_16,0.515,0.859,0.78
150_49,150,0.97,0.817,84.031,4.756,0.747,0.0,0.747,0.0,0.747,0.0,0.747,0.0,320,345,343,150_49,0.515,0.859,0.78
50_0,50,0.951,0.545,87.375,2.717,0.66,0.0,0.66,0.0,0.66,0.0,0.66,0.0,358,372,371,50_36,0.515,0.859,0.78
200_74,200,0.979,0.778,91.635,2.436,0.71,0.04,0.75,0.0,0.705,0.0,0.705,0.0,326,351,349,250_40,0.515,0.859,0.78
150_78,150,0.975,0.737,88.841,2.885,0.66,0.04,0.7,0.0,0.66,0.047,0.707,0.0,322,347,345,150_78,0.515,0.859,0.78
100_52,100,0.985,0.458,93.991,1.671,0.74,0.0,0.74,0.0,0.75,0.0,0.75,0.0,356,380,386,100_57,0.515,0.859,0.78
50_67,50,0.921,0.687,88.285,2.462,0.8,0.0,0.8,0.0,0.8,0.0,0.8,0.0,358,402,379,50_67,0.515,0.859,0.78
100_38,100,0.965,0.702,91.275,2.19,0.79,0.0,0.79,0.0,0.79,0.0,0.79,0.0,315,340,338,100_38,0.515,0.859,0.78
200_45,200,0.964,1.042,84.424,4.97,0.755,0.0,0.755,0.0,0.77,0.0,0.77,0.0,324,349,347,200_45,0.515,0.859,0.78
100_0,100,0.962,0.738,83.499,3.594,0.77,0.0,0.77,0.0,0.78,0.0,0.78,0.0,0,0,0,100_0,0.515,0.859,0.78
200_89,200,0.868,2.502,63.725,11.225,0.535,0.09,0.625,0.0,0.55,0.025,0.575,0.0,327,352,350,,0.515,0.859,0.78
50_23,50,0.835,1.104,91.211,1.985,0.74,0.0,0.74,0.0,0.74,0.0,0.74,0.0,358,374,392,50_56,0.515,0.859,0.78
200_6,200,0.98,0.781,89.566,2.866,0.62,0.07,0.69,0.0,0.625,0.07,0.695,0.0,325,350,348,200_6,0.515,0.859,0.78
250_56,250,0.982,0.81,81.388,5.035,0.72,0.0,0.72,0.0,0.728,0.0,0.728,0.0,331,356,354,250_56,0.515,0.859,0.78
150_92,150,0.963,0.941,89.264,5.19,0.72,0.0,0.72,0.0,0.713,0.0,0.713,0.0,348,398,383,150_92,0.515,0.859,0.78
200_30,200,0.984,0.669,90.995,2.665,0.79,0.0,0.79,0.0,0.79,0.0,0.79,0.0,348,398,383,200_30,0.515,0.859,0.78
50_96,50,0.695,3.046,89.769,3.293,0.88,0.0,0.88,0.0,0.88,0.0,0.88,0.0,358,405,392,,0.515,0.859,0.78
100_96,100,0.951,0.851,88.261,3.217,0.43,0.19,0.62,0.0,0.43,0.1,0.53,0.0,354,415,403,100_96,0.515,0.859,0.78
100_23,100,0.927,1.083,83.989,4.336,0.73,0.0,0.73,0.0,0.71,0.0,0.71,0.0,356,339,401,100_23,0.515,0.859,0.78
150_63,150,0.979,0.685,86.997,2.81,0.8,0.0,0.8,0.0,0.8,0.0,0.8,0.0,321,346,344,150_63,0.515,0.859,0.78
250_70,250,0.984,0.779,90.661,3.051,0.744,0.0,0.744,0.0,0.768,0.0,0.768,0.0,332,357,355,250_70,0.515,0.859,0.78
50_52,50,0.58,5.992,64.679,11.046,0.44,0.08,0.52,0.0,0.44,0.0,0.44,0.0,358,416,126,,0.515,0.859,0.78
250_12,250,0.932,1.988,85.047,4.632,0.756,0.016,0.772,0.0,0.76,0.0,0.76,0.0,328,353,351,250_12,0.515,0.859,0.78
250_41,250,0.984,0.753,91.966,2.367,0.812,0.0,0.812,0.0,0.812,0.0,0.812,0.0,330,355,353,250_41,0.515,0.859,0.78
150_2,150,0.961,0.946,87.662,3.377,0.687,0.0,0.687,0.0,0.667,0.0,0.667,0.0,318,343,341,150_2,0.515,0.859,0.78
250_27,250,0.957,1.336,87.243,4.281,0.748,0.0,0.748,0.0,0.748,0.0,0.748,0.0,329,354,352,250_27,0.515,0.859,0.78
50_81,50,0.86,1.025,84.122,3.447,0.82,0.0,0.82,0.0,0.82,0.0,0.82,0.0,358,382,394,50_82,0.515,0.859,0.78
100_81,100,0.96,0.765,88.924,2.396,0.61,0.0,0.61,0.0,0.66,0.0,0.66,0.0,317,342,340,100_81,0.515,0.859,0.78
50_38,50,0.877,0.903,88.731,2.363,0.72,0.0,0.72,0.0,0.72,0.0,0.72,0.0,358,388,387,50_75,0.515,0.859,0.78
200_16,200,0.981,0.748,83.413,4.225,0.705,0.0,0.705,0.0,0.71,0.0,0.71,0.0,323,348,346,200_16,0.515,0.859,0.78
100_67,100,0.893,1.946,79.527,5.578,0.0,0.21,0.21,0.0,0.0,0.18,0.18,0.0,316,341,339,100_67,0.515,0.859,0.78
100_32,100,0.966,0.694,89.759,2.227,0.75,0.0,0.75,0.0,0.75,0.0,0.75,0.0,359,406,390,100_32,0.515,0.859,0.78
200_69,200,0.925,1.587,86.374,4.094,0.67,0.0,0.67,0.0,0.665,0.0,0.665,0.0,172,190,189,200_69,0.515,0.859,0.78
150_72,150,0.977,0.716,92.786,2.079,0.807,0.0,0.807,0.0,0.807,0.0,0.807,0.0,346,383,374,150_21,0.515,0.859,0.78
200_83,200,0.672,5.737,88.893,10.728,0.76,0.0,0.76,0.0,0.755,0.0,0.755,0.0,173,191,190,,0.515,0.859,0.78
50_18,50,0.935,0.609,88.933,2.706,0.72,0.0,0.72,0.0,0.72,0.0,0.72,0.0,358,405,392,50_18,0.515,0.859,0.78
50_47,50,0.908,0.741,86.098,2.82,0.62,0.1,0.72,0.0,0.62,0.0,0.62,0.0,358,129,129,50_47,0.515,0.859,0.78
100_61,100,0.9,1.335,81.034,4.952,0.61,0.0,0.61,0.0,0.66,0.0,0.66,0.0,217,237,236,100_61,0.515,0.859,0.78
200_98,200,0.984,0.686,91.284,2.745,0.71,0.0,0.71,0.0,0.705,0.0,0.705,0.0,174,192,191,200_98,0.515,0.859,0.78
50_76,50,0.923,0.699,87.921,4.28,0.74,0.08,0.82,0.0,0.72,0.0,0.72,0.0,358,393,394,50_76,0.515,0.859,0.78
50_90,50,0.866,1.022,90.084,2.615,0.84,0.0,0.84,0.0,0.84,0.0,0.84,0.0,358,405,392,50_90,0.515,0.859,0.78
150_43,150,0.963,1.062,90.833,2.478,0.847,0.0,0.847,0.0,0.847,0.0,0.847,0.0,357,417,406,150_21,0.515,0.859,0.78
50_32,50,0.898,1.373,83.632,4.361,0.64,0.0,0.64,0.0,0.64,0.0,0.64,0.0,358,394,394,50_32,0.515,0.859,0.78
250_36,250,0.957,1.272,85.768,4.011,0.696,0.0,0.696,0.0,0.708,0.0,0.708,0.0,176,194,193,250_36,0.515,0.859,0.78
150_14,150,0.98,0.671,85.488,4.924,0.66,0.073,0.733,0.0,0.667,0.06,0.727,0.0,219,239,238,150_14,0.515,0.859,0.78
150_87,150,0.97,0.823,83.784,3.817,0.587,0.147,0.733,0.0,0.58,0.08,0.66,0.0,222,242,241,150_87,0.515,0.859,0.78
50_61,50,0.585,7.23,70.786,10.3,0.54,0.0,0.54,0.0,0.44,0.0,0.44,0.0,117,130,130,,0.515,0.859,0.78
250_65,250,0.978,0.903,86.933,3.8,0.588,0.104,0.692,0.0,0.596,0.052,0.648,0.0,178,196,195,250_65,0.515,0.859,0.78
200_10,200,0.98,0.759,90.057,2.891,0.785,0.0,0.785,0.0,0.78,0.0,0.78,0.0,223,243,242,200_10,0.515,0.859,0.78
100_18,100,0.955,0.83,87.911,2.987,0.76,0.0,0.76,0.0,0.71,0.0,0.71,0.0,216,235,234,100_18,0.515,0.859,0.78
150_58,150,0.972,0.794,92.384,2.313,0.753,0.0,0.753,0.0,0.753,0.0,0.753,0.0,221,241,240,150_58,0.515,0.859,0.78
200_4,200,0.947,1.29,81.256,6.515,0.49,0.165,0.655,0.0,0.485,0.13,0.615,0.0,170,188,187,200_4,0.515,0.859,0.78
250_94,250,0.983,0.78,90.042,3.167,0.688,0.0,0.688,0.0,0.688,0.0,0.688,0.0,180,198,197,250_94,0.515,0.859,0.78
250_21,250,0.952,1.384,86.909,4.505,0.768,0.0,0.768,0.0,0.768,0.0,0.768,0.0,175,193,192,250_21,0.515,0.859,0.78
100_47,100,0.979,0.544,93.548,1.601,0.73,0.0,0.73,0.0,0.73,0.0,0.73,0.0,360,236,235,100_47,0.515,0.859,0.78
200_54,200,0.977,0.824,90.734,2.779,0.775,0.02,0.795,0.0,0.775,0.0,0.775,0.0,171,189,188,200_54,0.515,0.859,0.78
150_29,150,0.952,1.054,82.539,4.008,0.5,0.193,0.693,0.0,0.493,0.207,0.7,0.0,220,240,239,150_29,0.515,0.859,0.78
250_50,250,0.93,1.686,89.945,4.274,0.676,0.048,0.724,0.0,0.68,0.036,0.716,0.0,177,195,194,250_50,0.515,0.859,0.78
100_76,100,0.98,0.526,91.693,2.178,0.58,0.04,0.62,0.0,0.58,0.0,0.58,0.0,356,412,396,100_76,0.515,0.859,0.78
200_25,200,0.98,0.765,89.391,2.904,0.73,0.0,0.73,0.0,0.73,0.0,0.73,0.0,224,244,243,200_25,0.515,0.859,0.78
100_90,100,0.975,0.601,90.437,2.53,0.5,0.21,0.71,0.0,0.5,0.13,0.63,0.0,218,238,237,100_90,0.515,0.859,0.78
250_8,250,0.985,0.726,90.689,2.835,0.764,0.016,0.78,0.0,0.764,0.0,0.764,0.0,179,197,196,250_8,0.515,0.859,0.78
50_48,50,0.943,0.592,87.859,2.714,0.8,0.0,0.8,0.0,0.8,0.0,0.8,0.0,358,416,392,50_79,0.515,0.859,0.78
50_33,50,0.971,0.404,91.62,1.635,0.76,0.0,0.76,0.0,0.74,0.0,0.74,0.0,358,377,394,50_68,0.515,0.859,0.78
200_26,200,0.959,1.162,89.672,3.009,0.73,0.0,0.73,0.0,0.725,0.0,0.725,0.0,192,210,209,200_26,0.515,0.859,0.78
150_73,150,0.923,1.479,89.021,4.29,0.66,0.073,0.733,0.0,0.66,0.067,0.727,0.0,189,207,206,150_73,0.515,0.859,0.78
50_91,50,0.904,0.924,85.443,3.208,0.7,0.1,0.8,0.0,0.72,0.0,0.72,0.0,358,371,405,50_14,0.515,0.859,0.78
250_22,250,0.986,0.703,89.29,2.975,0.756,0.0,0.756,0.0,0.772,0.0,0.772,0.0,198,216,215,250_22,0.515,0.859,0.78
200_11,200,0.976,0.881,86.17,4.216,0.545,0.1,0.645,0.0,0.545,0.115,0.66,0.0,191,209,208,200_11,0.515,0.859,0.78
250_51,250,0.973,1.015,84.958,3.873,0.748,0.06,0.808,0.0,0.736,0.06,0.796,0.0,200,218,217,250_51,0.515,0.859,0.78
150_44,150,0.97,0.818,90.57,2.706,0.753,0.0,0.753,0.0,0.733,0.0,0.733,0.0,187,205,204,150_44,0.515,0.859,0.78
250_95,250,0.962,1.186,83.193,4.914,0.5,0.1,0.6,0.0,0.5,0.068,0.568,0.0,203,221,220,250_95,0.515,0.859,0.78
150_3,150,0.985,0.567,92.336,2.096,0.707,0.0,0.707,0.0,0.7,0.0,0.7,0.0,352,407,391,150_8,0.515,0.859,0.78
50_77,50,0.941,0.594,90.422,2.54,0.74,0.0,0.74,0.0,0.72,0.0,0.72,0.0,358,400,385,50_77,0.515,0.859,0.78
100_48,100,0.975,0.716,93.426,1.824,0.74,0.0,0.74,0.0,0.76,0.0,0.76,0.0,360,384,375,100_48,0.515,0.859,0.78
200_7,200,0.901,2.045,73.048,7.979,0.585,0.08,0.665,0.0,0.585,0.08,0.665,0.0,195,213,212,,0.515,0.859,0.78
200_99,200,0.983,0.734,91.559,2.539,0.82,0.0,0.82,0.0,0.82,0.0,0.82,0.0,197,215,214,200_99,0.515,0.859,0.78
250_80,250,0.99,0.597,91.501,2.801,0.74,0.0,0.74,0.0,0.744,0.0,0.744,0.0,202,220,219,250_80,0.515,0.859,0.78
250_37,250,0.982,0.815,88.048,3.357,0.68,0.016,0.696,0.0,0.68,0.016,0.696,0.0,199,217,216,250_37,0.515,0.859,0.78
150_59,150,0.984,0.597,88.751,3.041,0.747,0.0,0.747,0.0,0.74,0.0,0.74,0.0,188,206,205,150_59,0.515,0.859,0.78
50_62,50,0.973,0.383,91.926,1.713,0.8,0.0,0.8,0.0,0.82,0.0,0.82,0.0,358,416,392,50_56,0.515,0.859,0.78
100_77,100,0.967,0.748,83.577,4.215,0.46,0.12,0.58,0.0,0.47,0.1,0.57,0.0,184,202,201,100_77,0.515,0.859,0.78
100_91,100,0.972,0.618,90.092,2.469,0.79,0.0,0.79,0.0,0.78,0.0,0.78,0.0,185,203,202,100_91,0.515,0.859,0.78
150_15,150,0.979,0.673,87.46,2.864,0.747,0.027,0.773,0.0,0.753,0.027,0.78,0.0,186,204,203,150_15,0.515,0.859,0.78
150_88,150,0.958,1.015,88.22,2.886,0.753,0.0,0.753,0.0,0.76,0.0,0.76,0.0,190,208,207,150_88,0.515,0.859,0.78
200_40,200,0.963,1.091,83.915,4.372,0.375,0.185,0.56,0.0,0.38,0.2,0.58,0.0,193,211,210,200_40,0.515,0.859,0.78
100_33,100,0.961,0.743,90.796,2.026,0.7,0.0,0.7,0.0,0.7,0.0,0.7,0.0,182,200,199,100_33,0.515,0.859,0.78
100_19,100,0.946,1.003,87.713,3.227,0.24,0.2,0.44,0.0,0.25,0.23,0.48,0.0,181,199,198,100_19,0.515,0.859,0.78
200_84,200,0.85,5.373,80.196,7.216,0.6,0.06,0.66,0.0,0.62,0.025,0.645,0.0,196,214,213,,0.515,0.859,0.78
250_66,250,0.974,0.994,90.777,3.696,0.692,0.068,0.76,0.0,0.688,0.084,0.772,0.0,201,219,218,250_66,0.515,0.859,0.78
200_55,200,0.964,1.049,87.439,3.724,0.685,0.05,0.735,0.0,0.685,0.025,0.71,0.0,194,212,211,200_55,0.515,0.859,0.78
100_62,100,0.924,1.084,76.162,5.187,0.74,0.0,0.74,0.0,0.74,0.0,0.74,0.0,183,201,200,100_62,0.515,0.859,0.78
50_19,50,0.977,0.35,92.205,1.608,0.78,0.0,0.78,0.0,0.78,0.0,0.78,0.0,358,400,385,50_19,0.515,0.859,0.78
250_67,250,0.974,0.985,89.914,3.184,0.652,0.084,0.736,0.0,0.652,0.084,0.736,0.0,282,304,303,250_67,0.515,0.859,0.78
200_70,200,0.969,0.976,91.509,2.667,0.67,0.0,0.67,0.0,0.665,0.0,0.665,0.0,276,298,297,200_70,0.515,0.859,0.78
150_16,150,0.962,1.118,87.938,3.058,0.533,0.107,0.64,0.0,0.527,0.073,0.6,0.0,267,289,288,150_16,0.515,0.859,0.78
50_2,50,0.939,0.59,90.153,3.066,0.88,0.0,0.88,0.0,0.88,0.0,0.88,0.0,358,405,392,50_2,0.515,0.859,0.78
100_63,100,0.974,0.607,86.119,3.139,0.7,0.0,0.7,0.0,0.69,0.0,0.69,0.0,360,391,380,100_7,0.515,0.859,0.78
250_0,250,0.934,1.643,79.013,6.193,0.78,0.0,0.78,0.0,0.772,0.0,0.772,0.0,278,300,299,250_0,0.515,0.859,0.78
50_78,50,0.955,0.506,83.731,2.65,0.6,0.0,0.6,0.0,0.6,0.0,0.6,0.0,358,404,404,50_78,0.515,0.859,0.78
200_41,200,0.972,0.918,82.966,4.689,0.715,0.0,0.715,0.0,0.715,0.0,0.715,0.0,274,296,295,250_25,0.515,0.859,0.78
250_23,250,0.977,0.904,89.206,3.21,0.772,0.016,0.788,0.0,0.776,0.0,0.776,0.0,279,301,300,250_23,0.515,0.859,0.78
250_96,250,0.986,0.702,90.903,2.753,0.74,0.0,0.74,0.0,0.724,0.0,0.724,0.0,284,306,305,250_96,0.515,0.859,0.78
200_85,200,0.969,1.131,88.056,3.279,0.5,0.135,0.635,0.0,0.5,0.17,0.67,0.0,277,299,298,200_85,0.515,0.859,0.78
150_45,150,0.974,0.762,85.87,3.738,0.76,0.0,0.76,0.0,0.76,0.0,0.76,0.0,347,397,382,150_62,0.515,0.859,0.78
100_34,100,0.984,0.469,91.362,2.01,0.79,0.0,0.79,0.0,0.79,0.0,0.79,0.0,350,395,398,100_34,0.515,0.859,0.78
50_49,50,0.782,1.414,76.968,6.979,0.26,0.14,0.4,0.0,0.26,0.12,0.38,0.0,115,125,124,50_49,0.515,0.859,0.78
250_38,250,0.98,0.865,91.85,2.579,0.764,0.0,0.764,0.0,0.768,0.0,0.768,0.0,280,302,301,250_38,0.515,0.859,0.78
150_89,150,0.866,2.838,79.009,6.095,0.367,0.173,0.54,0.0,0.393,0.147,0.54,0.0,271,293,292,,0.515,0.859,0.78
150_6,150,0.963,0.925,87.881,2.989,0.707,0.027,0.733,0.0,0.68,0.0,0.68,0.0,269,291,290,150_6,0.515,0.859,0.78
200_27,200,0.984,0.679,90.546,2.596,0.745,0.0,0.745,0.0,0.75,0.0,0.75,0.0,273,295,294,200_27,0.515,0.859,0.78
150_30,150,0.911,1.877,84.959,4.273,0.413,0.107,0.52,0.0,0.387,0.1,0.487,0.0,268,290,289,150_30,0.515,0.859,0.78
100_49,100,0.753,5.896,83.95,6.554,0.61,0.06,0.67,0.0,0.64,0.06,0.7,0.0,265,287,286,,0.515,0.859,0.78
100_92,100,0.938,0.99,80.329,4.409,0.56,0.09,0.65,0.0,0.56,0.04,0.6,0.0,359,406,390,100_92,0.515,0.859,0.78
100_78,100,0.963,0.733,92.853,1.955,0.77,0.0,0.77,0.0,0.77,0.0,0.77,0.0,266,288,287,100_78,0.515,0.859,0.78
150_74,150,0.912,1.495,81.093,5.663,0.727,0.0,0.727,0.0,0.72,0.0,0.72,0.0,270,292,291,150_74,0.515,0.859,0.78
50_34,50,0.968,0.418,85.856,2.865,0.7,0.0,0.7,0.0,0.7,0.0,0.7,0.0,358,416,392,50_79,0.515,0.859,0.78
100_2,100,0.953,0.911,83.903,3.95,0.64,0.0,0.64,0.0,0.64,0.0,0.64,0.0,246,267,266,100_2,0.515,0.859,0.78
200_12,200,0.978,0.895,89.868,3.051,0.815,0.0,0.815,0.0,0.8,0.0,0.8,0.0,272,294,293,200_12,0.515,0.859,0.78
250_52,250,0.987,0.67,91.459,2.506,0.784,0.0,0.784,0.0,0.788,0.0,0.788,0.0,281,303,302,250_52,0.515,0.859,0.78
50_92,50,0.902,0.799,90.433,2.691,0.84,0.0,0.84,0.0,0.84,0.0,0.84,0.0,358,405,392,50_79,0.515,0.859,0.78
250_81,250,0.981,0.831,87.554,3.449,0.748,0.016,0.764,0.0,0.756,0.0,0.756,0.0,283,305,304,250_81,0.515,0.859,0.78
200_56,200,0.966,1.01,88.678,3.185,0.745,0.0,0.745,0.0,0.745,0.0,0.745,0.0,275,297,296,200_56,0.515,0.859,0.78
50_63,50,0.929,0.66,86.835,2.72,0.7,0.0,0.7,0.0,0.7,0.0,0.7,0.0,358,388,387,50_63,0.515,0.859,0.78
100_5,100,0.96,0.753,89.867,2.4,0.75,0.0,0.75,0.0,0.74,0.0,0.74,0.0,335,360,358,100_5,0.515,0.859,0.78
50_64,50,0.96,0.478,92.429,1.521,0.76,0.0,0.76,0.0,0.76,0.0,0.76,0.0,358,124,397,50_79,0.515,0.859,0.78
250_24,250,0.987,0.693,90.255,2.948,0.744,0.0,0.744,0.0,0.744,0.0,0.744,0.0,153,171,170,250_24,0.515,0.859,0.78
50_20,50,0.923,0.686,88.117,2.257,0.54,0.18,0.72,0.0,0.54,0.18,0.72,0.0,358,399,387,50_20,0.515,0.859,0.78
200_86,200,0.955,1.186,80.626,6.077,0.7,0.0,0.7,0.0,0.7,0.0,0.7,0.0,151,169,168,200_86,0.515,0.859,0.78
100_64,100,0.983,0.488,94.05,1.613,0.78,0.0,0.78,0.0,0.78,0.0,0.78,0.0,336,361,359,100_64,0.515,0.859,0.78
200_13,200,0.98,0.756,87.32,3.449,0.61,0.1,0.71,0.0,0.58,0.1,0.68,0.0,344,369,367,200_13,0.515,0.859,0.78
150_60,150,0.954,1.032,92.209,2.647,0.8,0.0,0.8,0.0,0.787,0.0,0.787,0.0,341,366,364,150_60,0.515,0.859,0.78
150_75,150,0.98,0.662,90.984,2.315,0.593,0.127,0.72,0.0,0.6,0.153,0.753,0.0,342,367,365,150_75,0.515,0.859,0.78
200_71,200,0.976,0.835,88.797,3.245,0.68,0.045,0.725,0.0,0.68,0.045,0.725,0.0,150,168,167,200_71,0.515,0.859,0.78
100_93,100,0.981,0.521,92.248,1.979,0.71,0.04,0.75,0.0,0.71,0.0,0.71,0.0,337,362,360,100_93,0.515,0.859,0.78
150_9,150,0.929,1.663,79.815,4.813,0.5,0.087,0.587,0.0,0.52,0.087,0.607,0.0,343,368,366,150_9,0.515,0.859,0.78
250_68,250,0.977,0.95,90.909,2.852,0.776,0.0,0.776,0.0,0.776,0.0,0.776,0.0,156,174,173,250_68,0.515,0.859,0.78
200_28,200,0.825,2.923,89.008,3.461,0.655,0.02,0.675,0.0,0.665,0.0,0.665,0.0,345,370,368,,0.515,0.859,0.78
200_42,200,0.973,0.882,88.024,3.285,0.765,0.0,0.765,0.0,0.765,0.0,0.765,0.0,148,166,165,200_42,0.515,0.859,0.78
100_35,100,0.953,0.848,88.787,2.648,0.61,0.0,0.61,0.0,0.61,0.0,0.61,0.0,334,359,357,100_35,0.515,0.859,0.78
250_97,250,0.984,0.759,89.731,3.093,0.8,0.0,0.8,0.0,0.8,0.0,0.8,0.0,158,176,175,250_97,0.515,0.859,0.78
50_35,50,0.861,1.057,87.514,2.56,0.6,0.0,0.6,0.0,0.62,0.0,0.62,0.0,358,123,123,50_35,0.515,0.859,0.78
150_46,150,0.977,0.708,89.486,2.785,0.613,0.113,0.727,0.0,0.613,0.12,0.733,0.0,340,365,363,150_46,0.515,0.859,0.78
250_1,250,0.98,0.867,87.682,4.098,0.748,0.0,0.748,0.0,0.772,0.0,0.772,0.0,152,170,169,250_1,0.515,0.859,0.78
150_31,150,0.914,1.477,85.814,4.933,0.773,0.0,0.773,0.0,0.78,0.0,0.78,0.0,339,364,362,150_31,0.515,0.859,0.78
250_53,250,0.963,1.18,88.294,3.598,0.688,0.016,0.704,0.0,0.688,0.016,0.704,0.0,155,173,172,250_53,0.515,0.859,0.78
50_5,50,0.934,0.62,90.93,2.359,0.68,0.0,0.68,0.0,0.68,0.0,0.68,0.0,358,409,384,50_5,0.515,0.859,0.78
250_39,250,0.976,0.945,87.412,4.147,0.756,0.036,0.792,0.0,0.76,0.016,0.776,0.0,154,172,171,250_39,0.515,0.859,0.78
200_57,200,0.971,0.95,84.617,4.232,0.545,0.12,0.665,0.0,0.545,0.06,0.605,0.0,149,167,166,200_57,0.515,0.859,0.78
50_93,50,0.876,0.91,89.042,2.501,0.8,0.0,0.8,0.0,0.78,0.0,0.78,0.0,358,390,378,50_36,0.515,0.859,0.78
100_20,100,0.977,0.606,90.124,2.739,0.8,0.0,0.8,0.0,0.8,0.0,0.8,0.0,356,386,401,100_57,0.515,0.859,0.78
250_82,250,0.988,0.657,90.218,3.018,0.792,0.0,0.792,0.0,0.776,0.016,0.792,0.0,157,175,174,250_82,0.515,0.859,0.78
150_17,150,0.975,0.748,80.942,4.609,0.407,0.207,0.613,0.0,0.407,0.207,0.613,0.0,338,363,361,150_17,0.515,0.859,0.78
100_79,100,0.96,0.763,88.75,2.622,0.42,0.21,0.63,0.0,0.42,0.18,0.6,0.0,354,415,403,100_79,0.515,0.859,0.78
50_79,50,0.941,0.602,90.372,1.799,0.72,0.0,0.72,0.0,0.72,0.0,0.72,0.0,358,372,371,50_79,0.515,0.859,0.78
200_72,200,0.978,0.809,88.192,3.146,0.58,0.095,0.675,0.0,0.58,0.11,0.69,0.0,55,58,59,200_72,0.515,0.859,0.78
50_50,50,0.824,1.315,80.021,4.547,0.54,0.14,0.68,0.0,0.54,0.0,0.54,0.0,358,375,369,50_50,0.515,0.859,0.78
50_21,50,0.959,0.48,88.553,2.223,0.7,0.0,0.7,0.0,0.72,0.0,0.72,0.0,358,375,369,50_72,0.515,0.859,0.78
250_10,250,0.958,1.257,83.431,4.635,0.724,0.0,0.724,0.0,0.728,0.0,0.728,0.0,57,60,61,250_10,0.515,0.859,0.78
150_32,150,0.962,0.944,92.52,2.575,0.747,0.0,0.747,0.0,0.793,0.0,0.793,0.0,47,50,51,150_32,0.515,0.859,0.78
200_29,200,0.964,1.068,91.203,2.595,0.73,0.02,0.75,0.0,0.735,0.02,0.755,0.0,52,55,56,200_29,0.515,0.859,0.78
50_65,50,0.957,0.482,88.106,2.363,0.68,0.0,0.68,0.0,0.68,0.0,0.68,0.0,358,409,384,50_79,0.515,0.859,0.78
50_8,50,0.394,5.604,57.715,12.43,0.32,0.0,0.32,0.0,0.32,0.0,0.32,0.0,64,67,68,,0.515,0.859,0.78
250_54,250,0.982,0.825,88.664,3.314,0.608,0.092,0.7,0.0,0.612,0.104,0.716,0.0,60,63,64,200_99,0.515,0.859,0.78
100_94,100,0.96,0.765,92.374,2.114,0.74,0.0,0.74,0.0,0.74,0.0,0.74,0.0,45,48,49,100_94,0.515,0.859,0.78
250_25,250,0.971,1.041,89.029,3.46,0.756,0.0,0.756,0.0,0.76,0.0,0.76,0.0,58,61,62,250_25,0.515,0.859,0.78
250_98,250,0.982,0.805,88.442,3.514,0.592,0.072,0.664,0.0,0.596,0.088,0.684,0.0,63,66,67,250_98,0.515,0.859,0.78
200_87,200,0.978,0.796,92.253,2.319,0.615,0.095,0.71,0.0,0.615,0.1,0.715,0.0,56,59,60,200_87,0.515,0.859,0.78
100_36,100,0.963,0.733,82.435,4.193,0.75,0.0,0.75,0.0,0.76,0.0,0.76,0.0,42,45,46,100_36,0.515,0.859,0.78
150_76,150,0.978,0.686,92.112,2.258,0.76,0.0,0.76,0.0,0.76,0.0,0.76,0.0,50,53,54,150_76,0.515,0.859,0.78
100_8,100,0.928,1.142,87.379,2.943,0.37,0.2,0.57,0.0,0.37,0.14,0.51,0.0,44,47,48,100_8,0.515,0.859,0.78
250_83,250,0.956,1.47,83.149,5.222,0.696,0.0,0.696,0.0,0.688,0.0,0.688,0.0,62,65,66,250_83,0.515,0.859,0.78
150_18,150,0.963,1.01,90.089,2.576,0.68,0.1,0.78,0.0,0.68,0.113,0.793,0.0,46,49,50,150_18,0.515,0.859,0.78
100_21,100,0.976,0.584,86.478,3.584,0.78,0.0,0.78,0.0,0.78,0.0,0.78,0.0,356,387,377,100_11,0.515,0.859,0.78
50_94,50,0.966,0.431,91.35,1.788,0.7,0.0,0.7,0.0,0.7,0.0,0.7,0.0,358,404,404,50_94,0.515,0.859,0.78
150_47,150,0.967,0.852,91.298,2.506,0.747,0.0,0.747,0.0,0.747,0.0,0.747,0.0,48,51,52,150_47,0.515,0.859,0.78
200_43,200,0.987,0.612,90.627,2.887,0.79,0.0,0.79,0.0,0.785,0.0,0.785,0.0,53,56,57,200_43,0.515,0.859,0.78
250_4,250,0.967,1.215,87.421,3.521,0.688,0.0,0.688,0.0,0.684,0.0,0.684,0.0,59,62,63,250_4,0.515,0.859,0.78
150_61,150,0.984,0.591,94.133,1.812,0.773,0.0,0.773,0.0,0.74,0.0,0.74,0.0,49,52,53,150_61,0.515,0.859,0.78
150_90,150,0.971,0.801,89.222,2.75,0.653,0.0,0.653,0.0,0.613,0.0,0.613,0.0,51,54,55,150_90,0.515,0.859,0.78
200_14,200,0.982,0.726,85.18,3.591,0.765,0.02,0.785,0.0,0.775,0.0,0.775,0.0,355,408,393,200_14,0.515,0.859,0.78
50_36,50,0.871,1.043,91.988,1.827,0.76,0.0,0.76,0.0,0.76,0.0,0.76,0.0,358,390,371,50_36,0.515,0.859,0.78
100_50,100,0.868,1.672,74.109,6.905,0.46,0.04,0.5,0.0,0.46,0.0,0.46,0.0,351,403,389,100_50,0.515,0.859,0.78
250_69,250,0.97,1.063,88.526,3.704,0.636,0.08,0.716,0.0,0.652,0.08,0.732,0.0,61,64,65,250_69,0.515,0.859,0.78
200_58,200,0.979,0.817,90.448,2.607,0.77,0.0,0.77,0.0,0.775,0.0,0.775,0.0,54,57,58,200_58,0.515,0.859,0.78
100_65,100,0.94,0.984,84.563,4.323,0.14,0.2,0.34,0.0,0.14,0.23,0.37,0.0,43,46,47,100_65,0.515,0.859,0.78
250_26,250,0.981,0.834,87.088,3.691,0.728,0.016,0.744,0.0,0.736,0.0,0.736,0.0,36,39,40,250_26,0.515,0.859,0.78
250_55,250,0.981,0.838,89.324,3.196,0.76,0.0,0.76,0.0,0.78,0.0,0.78,0.0,38,41,42,250_55,0.515,0.859,0.78
200_73,200,0.984,0.668,91.551,2.455,0.775,0.0,0.775,0.0,0.77,0.0,0.77,0.0,33,36,37,200_73,0.515,0.859,0.78
100_22,100,0.956,0.88,88.542,2.854,0.69,0.0,0.69,0.0,0.68,0.0,0.68,0.0,356,413,24,100_22,0.515,0.859,0.78
150_62,150,0.965,0.892,82.707,4.416,0.753,0.0,0.753,0.0,0.76,0.0,0.76,0.0,347,397,382,150_62,0.515,0.859,0.78
100_80,100,0.947,0.915,82.988,3.831,0.57,0.04,0.61,0.0,0.57,0.04,0.61,0.0,23,26,27,100_80,0.515,0.859,0.78
100_66,100,0.952,0.849,89.425,3.241,0.81,0.0,0.81,0.0,0.81,0.0,0.81,0.0,356,378,372,100_66,0.515,0.859,0.78
100_51,100,0.975,0.595,93.84,1.68,0.69,0.05,0.74,0.0,0.69,0.05,0.74,0.0,22,25,26,100_51,0.515,0.859,0.78
150_33,150,0.972,0.805,90.414,2.918,0.807,0.0,0.807,0.0,0.807,0.0,0.807,0.0,26,29,30,150_33,0.515,0.859,0.78
250_7,250,0.986,0.71,88.153,3.054,0.8,0.0,0.8,0.0,0.8,0.0,0.8,0.0,39,42,43,250_7,0.515,0.859,0.78
50_37,50,0.939,0.593,91.208,2.559,0.92,0.0,0.92,0.0,0.92,0.0,0.92,0.0,358,405,392,50_28,0.515,0.859,0.78
250_11,250,0.986,0.703,86.267,3.506,0.772,0.02,0.792,0.0,0.776,0.016,0.792,0.0,35,38,39,200_99,0.515,0.859,0.78
250_84,250,0.979,0.896,91.027,2.854,0.772,0.0,0.772,0.0,0.788,0.0,0.788,0.0,40,43,44,250_84,0.515,0.859,0.78
150_77,150,0.979,0.674,88.993,2.725,0.733,0.0,0.733,0.0,0.747,0.0,0.747,0.0,27,30,31,150_77,0.515,0.859,0.78
200_44,200,0.929,1.519,88.085,4.483,0.795,0.0,0.795,0.0,0.8,0.0,0.8,0.0,31,34,35,200_44,0.515,0.859,0.78
250_40,250,0.988,0.655,90.259,2.907,0.808,0.0,0.808,0.0,0.816,0.0,0.816,0.0,37,40,41,250_40,0.515,0.859,0.78
50_66,50,0.972,0.389,92.45,1.493,0.74,0.0,0.74,0.0,0.74,0.0,0.74,0.0,358,371,405,50_66,0.515,0.859,0.78
50_95,50,0.937,0.594,91.352,2.843,0.86,0.0,0.86,0.0,0.86,0.0,0.86,0.0,358,405,392,50_95,0.515,0.859,0.78
200_3,200,0.98,0.764,90.339,3.145,0.775,0.0,0.775,0.0,0.78,0.0,0.78,0.0,30,33,34,200_3,0.515,0.859,0.78
50_22,50,0.954,0.51,89.197,1.965,0.76,0.0,0.76,0.0,0.76,0.0,0.76,0.0,358,379,373,50_22,0.515,0.859,0.78
50_51,50,0.958,0.49,90.497,1.902,0.72,0.0,0.72,0.0,0.72,0.0,0.72,0.0,358,374,392,50_51,0.515,0.859,0.78
150_91,150,0.987,0.534,92.324,2.003,0.567,0.107,0.673,0.0,0.567,0.1,0.667,0.0,28,31,32,150_91,0.515,0.859,0.78
50_80,50,0.944,0.594,85.673,3.069,0.66,0.0,0.66,0.0,0.66,0.0,0.66,0.0,358,389,397,50_79,0.515,0.859,0.78
100_37,100,0.948,0.876,84.617,3.534,0.69,0.0,0.69,0.0,0.68,0.0,0.68,0.0,21,24,25,100_37,0.515,0.859,0.78
150_48,150,0.982,0.633,87.918,3.129,0.747,0.0,0.747,0.0,0.753,0.0,0.753,0.0,353,414,402,150_48,0.515,0.859,0.78
200_59,200,0.952,1.259,82.029,7.074,0.565,0.045,0.61,0.0,0.56,0.11,0.67,0.0,32,35,36,200_59,0.515,0.859,0.78
100_95,100,0.847,1.685,78.586,9.128,0.5,0.0,0.5,0.0,0.5,0.0,0.5,0.0,24,27,28,100_95,0.515,0.859,0.78
250_99,250,0.97,1.042,88.377,4.007,0.648,0.088,0.736,0.0,0.652,0.088,0.74,0.0,41,44,45,250_99,0.515,0.859,0.78
200_88,200,0.977,0.819,84.194,4.137,0.725,0.02,0.745,0.0,0.72,0.0,0.72,0.0,34,37,38,200_88,0.515,0.859,0.78
200_15,200,0.973,0.914,88.676,3.228,0.735,0.0,0.735,0.0,0.725,0.0,0.725,0.0,29,32,33,200_15,0.515,0.859,0.78
150_19,150,0.972,0.791,89.934,2.621,0.74,0.0,0.74,0.0,0.747,0.0,0.747,0.0,25,28,29,150_19,0.515,0.859,0.78
250_71,250,0.977,0.918,89.978,2.931,0.732,0.016,0.748,0.0,0.744,0.016,0.76,0.0,19,22,22,250_71,0.515,0.859,0.78
100_1,100,0.932,1.414,80.606,4.641,0.57,0.0,0.57,0.0,0.58,0.0,0.58,0.0,356,1,1,100_36,0.515,0.859,0.78
150_35,150,0.976,0.72,79.744,4.565,0.613,0.093,0.707,0.0,0.613,0.1,0.713,0.0,5,8,8,150_35,0.515,0.859,0.78
50_24,50,0.973,0.385,85.296,5.35,0.8,0.0,0.8,0.0,0.8,0.0,0.8,0.0,358,392,392,50_56,0.515,0.859,0.78
100_68,100,0.825,2.022,77.102,5.463,0.37,0.2,0.57,0.0,0.37,0.22,0.59,0.0,2,4,4,,0.515,0.859,0.78
200_60,200,0.964,1.05,88.851,3.789,0.765,0.0,0.765,0.0,0.765,0.0,0.765,0.0,12,15,15,200_60,0.515,0.859,0.78
250_42,250,0.984,0.755,92.455,2.45,0.776,0.0,0.776,0.0,0.784,0.0,0.784,0.0,17,20,20,250_42,0.515,0.859,0.78
150_79,150,0.984,0.59,93.758,1.863,0.8,0.0,0.8,0.0,0.767,0.0,0.767,0.0,349,401,388,150_86,0.515,0.859,0.78
100_24,100,0.952,0.835,89.161,2.769,0.82,0.0,0.82,0.0,0.82,0.0,0.82,0.0,1,2,2,100_24,0.515,0.859,0.78
200_17,200,0.981,0.733,91.958,2.234,0.795,0.0,0.795,0.0,0.795,0.0,0.795,0.0,9,12,12,200_17,0.515,0.859,0.78
100_97,100,0.821,2.048,61.217,12.866,0.53,0.04,0.57,0.0,0.52,0.0,0.52,0.0,3,6,6,,0.515,0.859,0.78
150_20,150,0.984,0.597,93.231,2.088,0.72,0.0,0.72,0.0,0.72,0.0,0.72,0.0,4,7,7,150_20,0.515,0.859,0.78
50_82,50,0.943,0.567,91.359,2.301,0.78,0.0,0.78,0.0,0.78,0.0,0.78,0.0,358,382,394,50_82,0.515,0.859,0.78
150_64,150,0.963,1.378,88.253,3.128,0.54,0.073,0.613,0.0,0.56,0.073,0.633,0.0,7,10,10,150_64,0.515,0.859,0.78
50_39,50,0.558,3.454,90.249,3.296,0.84,0.0,0.84,0.0,0.9,0.0,0.9,0.0,358,405,392,,0.515,0.859,0.78
250_57,250,0.987,0.686,91.137,2.752,0.684,0.032,0.716,0.0,0.688,0.016,0.704,0.0,18,21,21,250_57,0.515,0.859,0.78
100_39,100,0.966,0.703,91.144,2.029,0.74,0.0,0.74,0.0,0.72,0.0,0.72,0.0,350,3,3,100_12,0.515,0.859,0.78
250_86,250,0.976,0.945,85.516,4.36,0.8,0.0,0.8,0.0,0.8,0.0,0.8,0.0,20,23,23,250_86,0.515,0.859,0.78
250_13,250,0.947,1.614,80.461,6.267,0.644,0.0,0.644,0.0,0.664,0.0,0.664,0.0,15,18,18,250_13,0.515,0.859,0.78
150_5,150,0.968,0.877,88.763,2.952,0.527,0.16,0.687,0.0,0.5,0.14,0.64,0.0,6,9,9,150_5,0.515,0.859,0.78
200_31,200,0.962,1.57,86.017,3.927,0.715,0.0,0.715,0.0,0.675,0.0,0.675,0.0,10,13,13,250_25,0.515,0.859,0.78
200_46,200,0.93,1.694,77.695,6.629,0.41,0.14,0.55,0.0,0.41,0.14,0.55,0.0,11,14,14,200_46,0.515,0.859,0.78
50_1,50,0.845,2.05,82.996,3.552,0.6,0.0,0.6,0.0,0.66,0.0,0.66,0.0,358,373,404,,0.515,0.859,0.78
50_97,50,0.909,0.745,89.856,2.286,0.84,0.0,0.84,0.0,0.84,0.0,0.84,0.0,358,382,394,50_19,0.515,0.859,0.78
100_53,100,0.979,0.539,87.941,4.549,0.73,0.0,0.73,0.0,0.74,0.0,0.74,0.0,356,413,386,100_22,0.515,0.859,0.78
200_75,200,0.964,1.202,91.165,2.807,0.725,0.02,0.745,0.0,0.72,0.0,0.72,0.0,13,16,16,200_75,0.515,0.859,0.78
50_53,50,0.88,0.893,78.506,4.319,0.7,0.0,0.7,0.0,0.7,0.0,0.7,0.0,358,381,395,50_79,0.515,0.859,0.78
150_93,150,0.846,3.022,67.227,11.678,0.72,0.0,0.72,0.0,0.72,0.0,0.72,0.0,8,11,11,,0.515,0.859,0.78
100_82,100,0.979,0.545,90.323,2.117,0.77,0.0,0.77,0.0,0.77,0.0,0.77,0.0,356,5,5,100_82,0.515,0.859,0.78
200_9,200,0.967,1.111,84.167,4.253,0.65,0.0,0.65,0.0,0.655,0.025,0.68,0.0,14,17,17,200_9,0.515,0.859,0.78
250_28,250,0.979,0.864,89.713,2.986,0.768,0.0,0.768,0.0,0.768,0.0,0.768,0.0,16,19,19,250_28,0.515,0.859,0.78
50_68,50,0.949,0.556,90.842,2.12,0.74,0.0,0.74,0.0,0.74,0.0,0.74,0.0,358,388,387,50_68,0.515,0.859,0.78
100_54,100,0.978,0.557,92.619,1.997,0.65,0.0,0.65,0.0,0.65,0.0,0.65,0.0,356,268,267,100_54,0.515,0.859,0.78
50_4,50,0.788,1.361,89.465,2.991,0.84,0.0,0.84,0.0,0.84,0.0,0.84,0.0,358,392,392,50_4,0.515,0.859,0.78
150_50,150,0.982,0.617,92.786,2.125,0.82,0.0,0.82,0.0,0.827,0.0,0.827,0.0,251,273,272,150_50,0.515,0.859,0.78
200_18,200,0.962,1.275,88.167,3.92,0.685,0.0,0.685,0.0,0.7,0.0,0.7,0.0,253,275,274,200_18,0.515,0.859,0.78
250_29,250,0.977,0.93,85.19,4.001,0.74,0.016,0.756,0.0,0.736,0.0,0.736,0.0,260,282,281,250_29,0.515,0.859,0.78
100_10,100,0.973,0.616,90.215,3.482,0.83,0.0,0.83,0.0,0.8,0.0,0.8,0.0,356,385,376,100_11,0.515,0.859,0.78
150_94,150,0.973,0.777,91.853,2.41,0.707,0.0,0.707,0.0,0.7,0.0,0.7,0.0,353,414,402,150_94,0.515,0.859,0.78
150_21,150,0.98,0.655,89.532,2.951,0.84,0.0,0.84,0.0,0.853,0.0,0.853,0.0,346,383,374,150_21,0.515,0.859,0.78
100_4,100,0.966,0.7,90.236,2.639,0.79,0.0,0.79,0.0,0.8,0.0,0.8,0.0,360,410,399,100_40,0.515,0.859,0.78
250_58,250,0.985,0.736,88.824,3.232,0.74,0.0,0.74,0.0,0.74,0.0,0.74,0.0,262,284,283,250_58,0.515,0.859,0.78
150_65,150,0.95,1.079,84.579,3.55,0.407,0.233,0.64,0.0,0.407,0.193,0.6,0.0,252,274,273,150_65,0.515,0.859,0.78
250_14,250,0.964,1.155,86.636,3.971,0.788,0.0,0.788,0.0,0.784,0.0,0.784,0.0,259,281,280,250_14,0.515,0.859,0.78
250_87,250,0.965,1.153,87.879,3.71,0.772,0.0,0.772,0.0,0.772,0.0,0.772,0.0,264,286,285,250_87,0.515,0.859,0.78
50_69,50,0.959,0.479,93.05,2.479,0.92,0.0,0.92,0.0,0.92,0.0,0.92,0.0,358,405,392,50_28,0.515,0.859,0.78
100_98,100,0.945,0.903,86.542,3.261,0.69,0.0,0.69,0.0,0.67,0.0,0.67,0.0,249,271,270,100_98,0.515,0.859,0.78
50_98,50,0.968,0.431,91.043,1.763,0.8,0.0,0.8,0.0,0.8,0.0,0.8,0.0,358,389,397,50_98,0.515,0.859,0.78
150_36,150,0.359,12.038,47.013,16.621,0.427,0.233,0.66,0.0,0.427,0.173,0.6,0.0,250,272,271,,0.515,0.859,0.78
200_61,200,0.988,0.586,93.054,2.288,0.78,0.0,0.78,0.0,0.775,0.0,0.775,0.0,256,278,277,200_61,0.515,0.859,0.78
50_25,50,0.827,1.329,82.756,4.464,0.66,0.08,0.74,0.0,0.64,0.0,0.64,0.0,358,382,394,50_25,0.515,0.859,0.78
50_54,50,0.72,3.285,82.768,5.767,0.66,0.0,0.66,0.0,0.68,0.0,0.68,0.0,358,377,394,,0.515,0.859,0.78
150_8,150,0.985,0.573,91.549,2.184,0.787,0.0,0.787,0.0,0.787,0.027,0.813,0.0,352,407,391,150_8,0.515,0.859,0.78
200_32,200,0.98,0.761,88.213,3.317,0.73,0.0,0.73,0.0,0.735,0.0,0.735,0.0,254,276,275,250_19,0.515,0.859,0.78
250_72,250,0.982,0.795,83.43,4.749,0.652,0.1,0.752,0.0,0.652,0.108,0.76,0.0,263,285,284,250_72,0.515,0.859,0.78
50_10,50,0.905,0.808,79.608,4.309,0.58,0.0,0.58,0.0,0.6,0.0,0.6,0.0,358,122,405,50_19,0.515,0.859,0.78
50_83,50,0.955,0.495,88.27,2.956,0.84,0.0,0.84,0.0,0.84,0.0,0.84,0.0,358,405,392,50_83,0.515,0.859,0.78
100_83,100,0.954,0.839,87.713,3.134,0.65,0.0,0.65,0.0,0.66,0.0,0.66,0.0,248,270,269,100_83,0.515,0.859,0.78
100_69,100,0.973,0.633,89.803,2.29,0.78,0.0,0.78,0.0,0.78,0.0,0.78,0.0,247,269,268,100_69,0.515,0.859,0.78
200_76,200,0.97,0.992,83.773,4.746,0.69,0.0,0.69,0.0,0.7,0.0,0.7,0.0,257,279,278,200_76,0.515,0.859,0.78
200_90,200,0.982,0.719,90.302,2.677,0.805,0.0,0.805,0.0,0.8,0.0,0.8,0.0,258,280,279,200_90,0.515,0.859,0.78
100_25,100,0.879,1.483,69.773,7.009,0.22,0.18,0.4,0.0,0.24,0.2,0.44,0.0,65,69,70,100_25,0.515,0.859,0.78
250_43,250,0.98,0.842,88.439,3.286,0.756,0.0,0.756,0.0,0.756,0.0,0.756,0.0,261,283,282,250_43,0.515,0.859,0.78
200_47,200,0.983,0.695,90.163,2.779,0.78,0.0,0.78,0.0,0.78,0.0,0.78,0.0,255,277,276,200_47,0.515,0.859,0.78
100_11,100,0.983,0.49,89.912,2.28,0.83,0.0,0.83,0.0,0.83,0.0,0.83,0.0,356,387,377,100_11,0.515,0.859,0.78
50_26,50,0.952,0.515,90.711,1.967,0.78,0.0,0.78,0.0,0.78,0.0,0.78,0.0,358,389,397,50_19,0.515,0.859,0.78
50_99,50,0.942,0.577,90.679,2.79,0.92,0.0,0.92,0.0,0.92,0.0,0.92,0.0,358,405,392,50_28,0.515,0.859,0.78
250_3,250,0.969,1.09,86.457,4.238,0.792,0.0,0.792,0.0,0.8,0.0,0.8,0.0,165,183,182,250_3,0.515,0.859,0.78
200_33,200,0.983,0.693,88.465,2.896,0.78,0.0,0.78,0.0,0.78,0.0,0.78,0.0,314,338,337,200_33,0.515,0.859,0.78
250_73,250,0.987,0.667,91.388,2.851,0.748,0.0,0.748,0.0,0.744,0.0,0.744,0.0,168,186,185,250_73,0.515,0.859,0.78
100_40,100,0.978,0.574,93.288,1.796,0.81,0.0,0.81,0.0,0.81,0.0,0.81,0.0,360,410,399,100_40,0.515,0.859,0.78
200_77,200,0.973,0.894,86.568,3.664,0.76,0.0,0.76,0.0,0.76,0.0,0.76,0.0,162,180,179,200_77,0.515,0.859,0.78
100_99,100,0.836,1.942,68.497,7.703,0.53,0.0,0.53,0.0,0.56,0.0,0.56,0.0,307,331,330,100_99,0.515,0.859,0.78
50_11,50,0.674,2.211,85.311,3.766,0.74,0.0,0.74,0.0,0.74,0.0,0.74,0.0,358,411,400,,0.515,0.859,0.78
50_84,50,0.71,2.404,72.377,5.357,0.52,0.0,0.52,0.0,0.52,0.0,0.52,0.0,358,373,404,,0.515,0.859,0.78
150_51,150,0.983,0.613,88.414,2.688,0.787,0.0,0.787,0.0,0.78,0.0,0.78,0.0,309,333,332,150_51,0.515,0.859,0.78
50_7,50,0.932,0.632,92.875,1.547,0.78,0.0,0.78,0.0,0.78,0.0,0.78,0.0,358,409,384,50_82,0.515,0.859,0.78
250_15,250,0.974,0.986,84.929,4.123,0.752,0.0,0.752,0.0,0.744,0.0,0.744,0.0,164,182,181,250_15,0.515,0.859,0.78
150_80,150,0.953,1.343,85.755,4.033,0.6,0.033,0.633,0.0,0.6,0.033,0.633,0.0,311,335,334,150_80,0.515,0.859,0.78
50_55,50,0.961,0.574,90.46,1.903,0.76,0.0,0.76,0.0,0.76,0.0,0.76,0.0,358,379,373,50_55,0.515,0.859,0.78
250_88,250,0.807,3.205,81.621,6.463,0.744,0.0,0.744,0.0,0.724,0.0,0.724,0.0,169,187,186,,0.515,0.859,0.78
50_40,50,0.774,1.341,90.253,2.294,0.76,0.0,0.76,0.0,0.76,0.0,0.76,0.0,358,402,379,50_40,0.515,0.859,0.78
200_48,200,0.974,0.915,91.86,2.913,0.61,0.115,0.725,0.0,0.595,0.13,0.725,0.0,160,178,177,200_48,0.515,0.859,0.78
150_66,150,0.964,0.903,85.801,4.382,0.713,0.0,0.713,0.0,0.707,0.0,0.707,0.0,310,334,333,150_66,0.515,0.859,0.78
250_59,250,0.973,0.996,90.469,3.145,0.736,0.0,0.736,0.0,0.724,0.0,0.724,0.0,167,185,184,250_59,0.515,0.859,0.78
100_84,100,0.946,1.186,88.681,3.951,0.75,0.0,0.75,0.0,0.73,0.0,0.73,0.0,356,330,329,100_84,0.515,0.859,0.78
150_22,150,0.968,0.843,91.494,2.454,0.74,0.0,0.74,0.0,0.787,0.0,0.787,0.0,357,417,406,150_22,0.515,0.859,0.78
200_19,200,0.972,0.976,89.952,2.952,0.69,0.055,0.745,0.0,0.69,0.025,0.715,0.0,313,337,336,200_19,0.515,0.859,0.78
150_95,150,0.982,0.646,92.759,2.068,0.74,0.0,0.74,0.0,0.747,0.0,0.747,0.0,312,336,335,150_95,0.515,0.859,0.78
250_44,250,0.986,0.708,89.562,3.228,0.644,0.052,0.696,0.0,0.64,0.052,0.692,0.0,166,184,183,250_44,0.515,0.859,0.78
100_7,100,0.935,1.014,87.344,2.927,0.73,0.0,0.73,0.0,0.73,0.0,0.73,0.0,360,391,380,100_7,0.515,0.859,0.78
100_26,100,0.917,1.159,87.414,2.829,0.8,0.0,0.8,0.0,0.8,0.0,0.8,0.0,89,95,96,100_26,0.515,0.859,0.78
150_37,150,0.974,0.758,86.588,3.157,0.747,0.0,0.747,0.0,0.753,0.0,0.753,0.0,308,332,331,150_37,0.515,0.859,0.78
100_55,100,0.949,1.0,89.786,2.363,0.65,0.0,0.65,0.0,0.64,0.0,0.64,0.0,306,329,328,100_55,0.515,0.859,0.78
200_91,200,0.973,0.885,89.627,2.911,0.765,0.0,0.765,0.0,0.765,0.0,0.765,0.0,163,181,180,200_91,0.515,0.859,0.78
200_62,200,0.952,1.348,90.699,2.965,0.86,0.0,0.86,0.0,0.86,0.0,0.86,0.0,161,179,178,200_62,0.515,0.859,0.78
150_81,150,0.925,1.501,84.699,4.998,0.727,0.0,0.727,0.0,0.727,0.0,0.727,0.0,212,231,230,150_81,0.515,0.859,0.78
100_27,100,0.931,1.391,81.883,4.85,0.69,0.0,0.69,0.0,0.67,0.0,0.67,0.0,204,222,221,100_27,0.515,0.859,0.78
200_2,200,0.937,2.97,92.557,2.327,0.79,0.0,0.79,0.0,0.795,0.0,0.795,0.0,214,233,232,,0.515,0.859,0.78
200_63,200,0.98,0.753,87.285,3.47,0.655,0.06,0.715,0.0,0.675,0.07,0.745,0.0,93,99,100,200_63,0.515,0.859,0.78
150_67,150,0.974,0.778,89.456,4.988,0.82,0.0,0.82,0.0,0.813,0.0,0.813,0.0,211,230,229,150_67,0.515,0.859,0.78
250_45,250,0.968,1.204,88.186,4.055,0.74,0.0,0.74,0.0,0.748,0.0,0.748,0.0,98,104,105,250_45,0.515,0.859,0.78
100_85,100,0.957,0.782,82.7,4.024,0.7,0.0,0.7,0.0,0.72,0.0,0.72,0.0,206,225,224,100_85,0.515,0.859,0.78
250_30,250,0.978,0.91,91.512,2.89,0.748,0.0,0.748,0.0,0.748,0.0,0.748,0.0,97,103,104,250_30,0.515,0.859,0.78
50_12,50,0.923,0.684,80.899,4.499,0.22,0.28,0.5,0.0,0.22,0.32,0.54,0.0,102,108,109,50_12,0.515,0.859,0.78
100_70,100,0.947,1.128,90.613,3.087,0.52,0.12,0.64,0.0,0.57,0.1,0.67,0.0,359,224,223,100_92,0.515,0.859,0.78
150_52,150,0.975,0.738,90.54,2.783,0.727,0.0,0.727,0.0,0.733,0.0,0.733,0.0,210,229,228,150_52,0.515,0.859,0.78
50_85,50,0.788,1.671,87.651,4.081,0.86,0.0,0.86,0.0,0.88,0.0,0.88,0.0,358,405,392,50_85,0.515,0.859,0.78
250_89,250,0.973,1.012,87.68,4.04,0.776,0.0,0.776,0.0,0.78,0.0,0.78,0.0,101,107,108,250_89,0.515,0.859,0.78
250_74,250,0.989,0.617,91.581,2.43,0.812,0.0,0.812,0.0,0.804,0.0,0.804,0.0,100,106,107,250_74,0.515,0.859,0.78
50_56,50,0.933,0.636,85.522,3.077,0.78,0.0,0.78,0.0,0.76,0.0,0.76,0.0,358,405,392,50_56,0.515,0.859,0.78
50_70,50,0.919,0.81,81.412,5.166,0.7,0.1,0.8,0.0,0.72,0.0,0.72,0.0,358,109,110,50_70,0.515,0.859,0.78
200_49,200,0.927,1.961,86.006,3.715,0.74,0.0,0.74,0.0,0.74,0.0,0.74,0.0,92,98,99,200_49,0.515,0.859,0.78
200_34,200,0.982,0.716,88.962,3.043,0.695,0.0,0.695,0.0,0.69,0.0,0.69,0.0,90,96,97,200_34,0.515,0.859,0.78
150_38,150,0.902,2.399,84.509,7.283,0.7,0.0,0.7,0.0,0.707,0.0,0.707,0.0,209,228,227,,0.515,0.859,0.78
50_27,50,0.826,1.319,83.309,4.686,0.72,0.08,0.8,0.0,0.72,0.08,0.8,0.0,358,405,392,50_43,0.515,0.859,0.78
100_41,100,0.984,0.474,93.721,1.589,0.79,0.0,0.79,0.0,0.78,0.0,0.78,0.0,205,223,222,100_41,0.515,0.859,0.78
50_41,50,0.953,0.514,82.53,4.833,0.8,0.0,0.8,0.0,0.8,0.0,0.8,0.0,358,405,392,50_67,0.515,0.859,0.78
200_92,200,0.952,1.225,88.83,3.252,0.705,0.0,0.705,0.0,0.7,0.0,0.7,0.0,95,101,102,200_92,0.515,0.859,0.78
150_96,150,0.976,0.747,83.16,4.632,0.407,0.207,0.613,0.0,0.4,0.233,0.633,0.0,213,232,231,150_96,0.515,0.859,0.78
100_12,100,0.975,0.597,93.805,1.678,0.79,0.0,0.79,0.0,0.79,0.0,0.79,0.0,350,395,398,100_12,0.515,0.859,0.78
150_23,150,0.706,3.735,72.953,10.956,0.48,0.2,0.68,0.0,0.5,0.133,0.633,0.0,208,227,226,,0.515,0.859,0.78
250_6,250,0.98,0.857,90.15,3.549,0.696,0.0,0.696,0.0,0.692,0.0,0.692,0.0,99,105,106,250_6,0.515,0.859,0.78
250_16,250,0.973,0.998,84.607,6.537,0.74,0.0,0.74,0.0,0.74,0.0,0.74,0.0,96,102,103,250_16,0.515,0.859,0.78
200_78,200,0.962,1.148,83.015,4.574,0.72,0.0,0.72,0.0,0.715,0.0,0.715,0.0,94,100,101,200_78,0.515,0.859,0.78
100_56,100,0.943,1.069,88.005,3.78,0.82,0.0,0.82,0.0,0.82,0.0,0.82,0.0,356,378,372,100_66,0.515,0.859,0.78
150_0,150,0.902,1.774,85.796,6.068,0.7,0.027,0.727,0.0,0.693,0.027,0.72,0.0,207,226,225,150_0,0.515,0.859,0.78
150_82,150,0.904,1.582,89.158,2.739,0.613,0.093,0.707,0.0,0.6,0.04,0.64,0.0,137,154,153,150_82,0.515,0.859,0.78
100_57,100,0.971,0.646,88.102,2.966,0.74,0.0,0.74,0.0,0.68,0.0,0.68,0.0,356,380,386,100_57,0.515,0.859,0.78
200_5,200,0.978,0.788,91.408,2.428,0.775,0.0,0.775,0.0,0.775,0.0,0.775,0.0,355,408,393,200_5,0.515,0.859,0.78
250_17,250,0.772,7.98,69.278,11.635,0.76,0.0,0.76,0.0,0.764,0.0,0.764,0.0,142,160,159,,0.515,0.859,0.78
50_71,50,0.901,0.8,90.942,2.411,0.82,0.0,0.82,0.0,0.82,0.0,0.82,0.0,358,393,394,50_71,0.515,0.859,0.78
50_86,50,0.886,1.241,90.451,2.21,0.28,0.08,0.36,0.0,0.28,0.1,0.38,0.0,118,133,133,50_86,0.515,0.859,0.78
100_28,100,0.954,0.834,91.559,2.154,0.69,0.0,0.69,0.0,0.69,0.0,0.69,0.0,360,147,146,100_28,0.515,0.859,0.78
200_35,200,0.987,0.614,91.912,2.401,0.79,0.0,0.79,0.0,0.79,0.0,0.79,0.0,91,97,98,200_35,0.515,0.859,0.78
50_28,50,0.941,0.578,90.471,2.617,0.92,0.0,0.92,0.0,0.92,0.0,0.92,0.0,358,405,392,50_28,0.515,0.859,0.78
100_86,100,0.968,0.687,91.552,2.114,0.83,0.0,0.83,0.0,0.83,0.0,0.83,0.0,356,412,396,100_76,0.515,0.859,0.78
100_13,100,0.937,1.0,86.805,3.476,0.74,0.0,0.74,0.0,0.76,0.0,0.76,0.0,356,385,376,100_13,0.515,0.859,0.78
100_71,100,0.959,0.784,78.827,5.52,0.37,0.15,0.52,0.0,0.35,0.22,0.57,0.0,131,148,147,100_71,0.515,0.859,0.78
250_60,250,0.974,0.98,86.491,3.847,0.596,0.104,0.7,0.0,0.584,0.124,0.708,0.0,145,163,162,250_60,0.515,0.859,0.78
200_93,200,0.956,1.172,84.303,4.346,0.625,0.09,0.715,0.0,0.625,0.085,0.71,0.0,141,159,158,200_93,0.515,0.859,0.78
150_39,150,0.973,0.815,89.454,3.292,0.573,0.12,0.693,0.0,0.567,0.127,0.693,0.0,134,151,150,150_39,0.515,0.859,0.78
150_1,150,0.97,0.815,89.216,2.891,0.773,0.0,0.773,0.0,0.773,0.0,0.773,0.0,132,149,148,150_1,0.515,0.859,0.78
50_42,50,0.974,0.377,91.662,1.905,0.84,0.0,0.84,0.0,0.84,0.0,0.84,0.0,358,392,392,50_14,0.515,0.859,0.78
200_79,200,0.984,0.683,89.13,2.916,0.785,0.0,0.785,0.0,0.785,0.0,0.785,0.0,140,158,157,200_79,0.515,0.859,0.78
200_64,200,0.935,1.404,84.952,6.455,0.705,0.0,0.705,0.0,0.735,0.0,0.735,0.0,139,157,156,200_64,0.515,0.859,0.78
100_42,100,0.979,0.55,89.671,2.424,0.66,0.0,0.66,0.0,0.66,0.0,0.66,0.0,360,384,375,100_9,0.515,0.859,0.78
250_75,250,0.965,1.141,84.657,4.609,0.636,0.02,0.656,0.0,0.64,0.064,0.704,0.0,146,164,163,250_75,0.515,0.859,0.78
250_9,250,0.98,0.881,89.758,3.294,0.736,0.016,0.752,0.0,0.732,0.016,0.748,0.0,147,165,164,250_9,0.515,0.859,0.78
250_46,250,0.965,1.167,78.215,6.491,0.604,0.064,0.668,0.0,0.6,0.064,0.664,0.0,144,162,161,250_46,0.515,0.859,0.78
150_24,150,0.97,0.823,91.866,2.128,0.76,0.0,0.76,0.0,0.767,0.0,0.767,0.0,133,150,149,150_24,0.515,0.859,0.78
50_13,50,0.949,0.533,86.103,2.519,0.72,0.0,0.72,0.0,0.72,0.0,0.72,0.0,358,374,392,50_51,0.515,0.859,0.78
150_53,150,0.961,0.945,89.372,3.085,0.727,0.0,0.727,0.0,0.727,0.0,0.727,0.0,135,152,151,150_53,0.515,0.859,0.78
200_20,200,0.981,0.749,90.357,2.557,0.755,0.0,0.755,0.0,0.74,0.0,0.74,0.0,355,156,155,200_20,0.515,0.859,0.78
250_31,250,0.978,0.889,87.225,4.057,0.716,0.0,0.716,0.0,0.696,0.0,0.696,0.0,143,161,160,200_30,0.515,0.859,0.78
50_57,50,0.941,0.579,91.48,1.84,0.8,0.0,0.8,0.0,0.8,0.0,0.8,0.0,358,377,394,50_57,0.515,0.859,0.78
150_68,150,0.974,0.786,89.935,2.974,0.713,0.033,0.747,0.0,0.707,0.0,0.707,0.0,136,153,152,150_68,0.515,0.859,0.78
150_97,150,0.984,0.591,83.841,4.108,0.687,0.0,0.687,0.0,0.68,0.0,0.68,0.0,138,155,154,150_97,0.515,0.859,0.78
50_43,50,0.821,1.129,80.646,8.331,0.78,0.0,0.78,0.0,0.78,0.0,0.78,0.0,358,405,392,50_43,0.515,0.859,0.78
200_36,200,0.968,1.025,89.293,3.221,0.73,0.0,0.73,0.0,0.745,0.0,0.745,0.0,77,82,83,200_36,0.515,0.859,0.78
100_43,100,0.935,0.999,88.089,3.556,0.41,0.21,0.62,0.0,0.39,0.09,0.48,0.0,66,70,71,100_43,0.515,0.859,0.78
250_90,250,0.967,1.107,90.42,2.98,0.784,0.0,0.784,0.0,0.788,0.0,0.788,0.0,87,92,93,250_90,0.515,0.859,0.78
150_25,150,0.97,0.856,91.26,2.288,0.733,0.0,0.733,0.0,0.713,0.0,0.713,0.0,70,75,76,150_25,0.515,0.859,0.78
50_58,50,0.946,0.555,89.675,2.82,0.76,0.0,0.76,0.0,0.76,0.0,0.76,0.0,358,390,378,50_58,0.515,0.859,0.78
250_61,250,0.984,0.764,88.841,3.426,0.764,0.02,0.784,0.0,0.764,0.0,0.764,0.0,85,90,91,250_61,0.515,0.859,0.78
200_94,200,0.985,0.653,90.916,2.464,0.775,0.0,0.775,0.0,0.765,0.0,0.765,0.0,81,86,87,200_94,0.515,0.859,0.78
200_21,200,0.987,0.608,92.191,2.447,0.73,0.075,0.805,0.0,0.75,0.075,0.825,0.0,76,81,82,200_21,0.515,0.859,0.78
100_58,100,0.958,0.83,83.371,3.705,0.61,0.0,0.61,0.0,0.61,0.0,0.61,0.0,360,71,72,100_84,0.515,0.859,0.78
250_18,250,0.987,0.688,91.541,2.602,0.736,0.0,0.736,0.0,0.776,0.0,0.776,0.0,82,87,88,250_18,0.515,0.859,0.78
50_29,50,0.895,0.811,88.481,2.323,0.64,0.0,0.64,0.0,0.66,0.0,0.66,0.0,358,93,94,50_29,0.515,0.859,0.78
250_76,250,0.971,1.027,89.401,3.922,0.66,0.04,0.7,0.0,0.652,0.032,0.684,0.0,86,91,92,250_76,0.515,0.859,0.78
150_69,150,0.982,0.618,92.282,2.152,0.767,0.0,0.767,0.0,0.767,0.0,0.767,0.0,73,78,79,150_69,0.515,0.859,0.78
150_4,150,0.797,4.454,80.911,8.094,0.72,0.0,0.72,0.0,0.747,0.0,0.747,0.0,71,76,77,,0.515,0.859,0.78
50_14,50,0.9,0.77,89.551,2.779,0.82,0.0,0.82,0.0,0.82,0.0,0.82,0.0,358,393,392,50_14,0.515,0.859,0.78
200_65,200,0.982,0.736,90.806,2.734,0.8,0.0,0.8,0.0,0.8,0.0,0.8,0.0,79,84,85,200_65,0.515,0.859,0.78
50_87,50,0.766,2.091,66.048,9.192,0.0,0.34,0.34,0.0,0.0,0.26,0.26,0.0,88,94,95,,0.515,0.859,0.78
100_14,100,0.979,0.538,93.229,1.828,0.69,0.0,0.69,0.0,0.7,0.0,0.7,0.0,356,412,396,100_76,0.515,0.859,0.78
150_98,150,0.942,1.189,88.652,6.31,0.66,0.0,0.66,0.0,0.64,0.0,0.64,0.0,75,80,81,150_98,0.515,0.859,0.78
100_87,100,0.935,1.022,78.507,5.282,0.58,0.0,0.58,0.0,0.58,0.0,0.58,0.0,68,73,74,100_87,0.515,0.859,0.78
200_8,200,0.956,1.447,88.817,3.579,0.685,0.0,0.685,0.0,0.685,0.0,0.685,0.0,80,85,86,200_8,0.515,0.859,0.78
100_72,100,0.956,0.804,81.316,4.717,0.82,0.0,0.82,0.0,0.83,0.0,0.83,0.0,67,72,73,100_72,0.515,0.859,0.78
150_54,150,0.918,1.465,70.084,10.764,0.687,0.0,0.687,0.0,0.727,0.0,0.727,0.0,72,77,78,150_54,0.515,0.859,0.78
50_72,50,0.944,0.659,89.752,2.146,0.64,0.0,0.64,0.0,0.62,0.0,0.62,0.0,358,381,395,50_72,0.515,0.859,0.78
250_47,250,0.985,0.732,92.348,2.536,0.796,0.0,0.796,0.0,0.804,0.0,0.804,0.0,84,89,90,250_47,0.515,0.859,0.78
250_32,250,0.945,1.545,88.426,3.705,0.692,0.0,0.692,0.0,0.688,0.0,0.688,0.0,83,88,89,250_32,0.515,0.859,0.78
200_50,200,0.979,0.789,90.878,2.862,0.725,0.0,0.725,0.0,0.705,0.0,0.705,0.0,78,83,84,200_50,0.515,0.859,0.78
100_29,100,0.937,1.075,83.744,4.387,0.68,0.0,0.68,0.0,0.68,0.0,0.68,0.0,360,418,407,100_29,0.515,0.859,0.78
150_83,150,0.978,0.69,86.748,2.809,0.587,0.027,0.613,0.0,0.6,0.093,0.693,0.0,74,79,80,150_83,0.515,0.859,0.78
150_10,150,0.98,0.659,90.374,2.462,0.773,0.027,0.8,0.0,0.767,0.0,0.767,0.0,69,74,75,150_10,0.515,0.859,0.78
200_51,200,0.983,0.699,91.257,2.677,0.755,0.0,0.755,0.0,0.75,0.0,0.75,0.0,296,319,318,200_51,0.515,0.859,0.78
250_91,250,0.987,0.688,91.199,2.642,0.764,0.0,0.764,0.0,0.768,0.0,0.768,0.0,305,328,327,250_91,0.515,0.859,0.78
250_77,250,0.974,0.989,89.092,3.414,0.72,0.06,0.78,0.0,0.708,0.044,0.752,0.0,304,327,326,250_77,0.515,0.859,0.78
50_44,50,0.936,0.605,91.109,1.873,0.7,0.0,0.7,0.0,0.7,0.0,0.7,0.0,358,132,132,50_44,0.515,0.859,0.78
150_26,150,0.975,0.745,86.596,3.912,0.767,0.0,0.767,0.0,0.767,0.0,0.767,0.0,289,312,311,150_26,0.515,0.859,0.78
200_80,200,0.98,0.773,89.967,2.671,0.72,0.0,0.72,0.0,0.715,0.0,0.715,0.0,298,321,320,200_80,0.515,0.859,0.78
250_33,250,0.973,1.0,86.267,4.177,0.624,0.06,0.684,0.0,0.62,0.06,0.68,0.0,301,324,323,250_33,0.515,0.859,0.78
50_88,50,0.967,0.441,89.529,2.124,0.68,0.08,0.76,0.0,0.68,0.08,0.76,0.0,358,399,387,50_68,0.515,0.859,0.78
250_19,250,0.981,0.813,89.018,3.081,0.724,0.02,0.744,0.0,0.728,0.02,0.748,0.0,300,323,322,250_19,0.515,0.859,0.78
250_62,250,0.983,0.788,87.464,3.317,0.78,0.016,0.796,0.0,0.78,0.0,0.78,0.0,303,326,325,250_62,0.515,0.859,0.78
200_66,200,0.977,0.824,92.083,2.263,0.78,0.0,0.78,0.0,0.79,0.0,0.79,0.0,297,320,319,200_66,0.515,0.859,0.78
100_88,100,0.93,1.416,87.618,3.164,0.63,0.04,0.67,0.0,0.63,0.0,0.63,0.0,360,418,407,100_88,0.515,0.859,0.78
200_95,200,0.759,7.686,74.494,10.43,0.59,0.105,0.695,0.0,0.68,0.0,0.68,0.0,299,322,321,,0.515,0.859,0.78
50_73,50,0.894,0.868,84.175,3.198,0.44,0.24,0.68,0.0,0.46,0.26,0.72,0.0,358,68,69,50_73,0.515,0.859,0.78
100_73,100,0.967,0.693,89.806,2.348,0.74,0.0,0.74,0.0,0.73,0.0,0.73,0.0,359,310,309,100_73,0.515,0.859,0.78
200_22,200,0.859,2.28,79.875,5.694,0.545,0.095,0.64,0.0,0.545,0.095,0.64,0.0,295,318,317,,0.515,0.859,0.78
150_99,150,0.985,0.564,89.871,3.183,0.773,0.0,0.773,0.0,0.773,0.0,0.773,0.0,294,317,316,150_99,0.515,0.859,0.78
100_59,100,0.972,0.642,90.379,2.341,0.72,0.0,0.72,0.0,0.72,0.0,0.72,0.0,287,309,308,100_59,0.515,0.859,0.78
150_40,150,0.969,0.894,87.165,3.27,0.733,0.0,0.733,0.0,0.74,0.0,0.74,0.0,290,313,312,150_40,0.515,0.859,0.78
150_7,150,0.956,1.023,84.114,7.95,0.76,0.0,0.76,0.0,0.753,0.0,0.753,0.0,292,315,314,150_7,0.515,0.859,0.78
200_37,200,0.981,0.758,92.152,2.461,0.74,0.0,0.74,0.0,0.74,0.0,0.74,0.0,103,110,111,200_37,0.515,0.859,0.78
100_44,100,0.9,1.419,88.997,3.211,0.68,0.07,0.75,0.0,0.68,0.12,0.8,0.0,286,308,307,100_44,0.515,0.859,0.78
150_11,150,0.983,0.598,92.186,2.239,0.6,0.127,0.727,0.0,0.58,0.133,0.713,0.0,288,311,310,150_11,0.515,0.859,0.78
100_3,100,0.933,1.026,76.77,5.607,0.62,0.08,0.7,0.0,0.61,0.1,0.71,0.0,285,307,306,100_3,0.515,0.859,0.78
50_15,50,0.499,5.453,81.892,5.7,0.6,0.0,0.6,0.0,0.62,0.0,0.62,0.0,358,126,125,,0.515,0.859,0.78
150_84,150,0.883,2.169,89.007,3.174,0.747,0.0,0.747,0.0,0.747,0.0,0.747,0.0,293,316,315,,0.515,0.859,0.78
250_48,250,0.956,1.316,90.615,3.326,0.76,0.0,0.76,0.0,0.756,0.0,0.756,0.0,302,325,324,250_48,0.515,0.859,0.78
150_55,150,0.973,0.808,88.334,3.103,0.653,0.0,0.653,0.0,0.653,0.0,0.653,0.0,291,314,313,150_55,0.515,0.859,0.78
50_59,50,0.813,1.22,90.743,1.899,0.64,0.0,0.64,0.0,0.7,0.0,0.7,0.0,358,396,381,50_59,0.515,0.859,0.78
100_15,100,0.963,0.747,88.975,2.686,0.67,0.0,0.67,0.0,0.66,0.0,0.66,0.0,351,403,389,100_15,0.515,0.859,0.78
50_3,50,0.904,0.777,89.388,2.501,0.58,0.0,0.58,0.0,0.58,0.0,0.58,0.0,358,131,131,50_3,0.515,0.859,0.78
200_52,200,0.98,0.773,90.744,2.446,0.775,0.0,0.775,0.0,0.78,0.0,0.78,0.0,105,112,113,200_52,0.515,0.859,0.78
50_30,50,0.926,0.664,85.622,2.571,0.7,0.0,0.7,0.0,0.7,0.0,0.7,0.0,358,396,381,50_30,0.515,0.859,0.78
150_12,150,0.953,1.05,85.613,3.816,0.76,0.0,0.76,0.0,0.74,0.0,0.74,0.0,123,139,138,150_12,0.515,0.859,0.78
100_16,100,0.911,1.34,90.162,2.51,0.74,0.04,0.78,0.0,0.73,0.04,0.77,0.0,119,134,134,100_16,0.515,0.859,0.78
100_89,100,0.966,0.7,88.03,2.703,0.73,0.0,0.73,0.0,0.69,0.0,0.69,0.0,122,138,137,100_89,0.515,0.859,0.78
100_6,100,0.971,0.649,87.148,3.126,0.68,0.05,0.73,0.0,0.68,0.0,0.68,0.0,350,136,398,100_12,0.515,0.859,0.78
150_41,150,0.972,0.783,82.677,4.817,0.693,0.0,0.693,0.0,0.687,0.0,0.687,0.0,125,141,140,150_41,0.515,0.859,0.78
200_81,200,0.974,0.874,82.791,4.16,0.68,0.03,0.71,0.0,0.69,0.03,0.72,0.0,107,114,115,200_81,0.515,0.859,0.78
50_74,50,0.679,2.135,79.552,6.596,0.72,0.0,0.72,0.0,0.72,0.0,0.72,0.0,358,376,370,,0.515,0.859,0.78
250_63,250,0.989,0.615,89.217,2.78,0.82,0.0,0.82,0.0,0.82,0.0,0.82,0.0,112,119,120,250_63,0.515,0.859,0.78
200_67,200,0.973,0.893,88.335,3.076,0.64,0.05,0.69,0.0,0.635,0.09,0.725,0.0,106,113,114,200_67,0.515,0.859,0.78
250_2,250,0.977,0.91,85.869,3.744,0.728,0.02,0.748,0.0,0.728,0.0,0.728,0.0,109,116,117,250_2,0.515,0.859,0.78
200_0,200,0.969,0.955,81.999,4.382,0.61,0.125,0.735,0.0,0.61,0.13,0.74,0.0,129,145,144,200_0,0.515,0.859,0.78
150_27,150,0.973,0.784,89.915,2.75,0.733,0.0,0.733,0.0,0.72,0.0,0.72,0.0,124,140,139,150_27,0.515,0.859,0.78
100_74,100,0.987,0.42,93.236,1.805,0.73,0.0,0.73,0.0,0.72,0.0,0.72,0.0,121,137,136,100_74,0.515,0.859,0.78
150_56,150,0.983,0.643,91.943,2.399,0.753,0.0,0.753,0.0,0.753,0.0,0.753,0.0,126,142,141,150_56,0.515,0.859,0.78
200_96,200,0.98,0.767,89.101,3.195,0.69,0.0,0.69,0.0,0.67,0.0,0.67,0.0,108,115,116,200_96,0.515,0.859,0.78
200_23,200,0.986,0.644,90.061,3.019,0.745,0.0,0.745,0.0,0.735,0.0,0.735,0.0,130,146,145,200_23,0.515,0.859,0.78
100_45,100,0.791,2.218,58.131,12.344,0.18,0.26,0.44,0.0,0.18,0.16,0.34,0.0,120,135,135,,0.515,0.859,0.78
250_92,250,0.95,1.371,76.665,7.11,0.796,0.0,0.796,0.0,0.8,0.0,0.8,0.0,114,121,122,250_92,0.515,0.859,0.78
50_16,50,0.958,0.48,92.607,1.701,0.84,0.0,0.84,0.0,0.84,0.0,0.84,0.0,358,392,392,50_82,0.515,0.859,0.78
50_89,50,0.919,0.703,81.418,7.342,0.86,0.0,0.86,0.0,0.84,0.0,0.84,0.0,358,393,392,50_19,0.515,0.859,0.78
200_38,200,0.978,0.795,89.597,2.854,0.735,0.0,0.735,0.0,0.74,0.0,0.74,0.0,104,111,112,200_38,0.515,0.859,0.78
250_49,250,0.974,0.975,88.87,3.316,0.752,0.0,0.752,0.0,0.772,0.0,0.772,0.0,111,118,119,250_49,0.515,0.859,0.78
100_30,100,0.976,0.578,88.216,2.434,0.61,0.12,0.73,0.0,0.62,0.1,0.72,0.0,356,386,401,100_30,0.515,0.859,0.78
150_85,150,0.981,0.651,89.21,3.371,0.72,0.0,0.72,0.0,0.713,0.0,0.713,0.0,128,144,143,150_85,0.515,0.859,0.78
250_34,250,0.986,0.73,88.506,3.329,0.792,0.0,0.792,0.0,0.792,0.0,0.792,0.0,110,117,118,250_34,0.515,0.859,0.78
50_45,50,0.91,0.722,91.021,1.896,0.56,0.0,0.56,0.0,0.56,0.0,0.56,0.0,358,127,395,50_45,0.515,0.859,0.78
50_6,50,0.754,1.653,86.975,3.238,0.86,0.0,0.86,0.0,0.84,0.0,0.84,0.0,358,376,370,50_6,0.515,0.859,0.78
250_78,250,0.982,0.802,90.524,2.763,0.768,0.0,0.768,0.0,0.76,0.0,0.76,0.0,113,120,121,250_78,0.515,0.859,0.78
150_70,150,0.506,10.993,59.6,15.123,0.447,0.113,0.56,0.0,0.453,0.027,0.48,0.0,127,143,142,,0.515,0.859,0.78
150_57,150,0.939,1.247,74.288,7.11,0.373,0.167,0.54,0.0,0.373,0.227,0.6,0.0,232,253,252,150_57,0.515,0.859,0.78
100_17,100,0.883,1.862,85.239,5.323,0.75,0.04,0.79,0.0,0.75,0.0,0.75,0.0,215,234,233,100_17,0.515,0.859,0.78
50_9,50,0.867,1.555,82.224,3.953,0.58,0.0,0.58,0.0,0.58,0.0,0.58,0.0,358,411,400,50_9,0.515,0.859,0.78
200_82,200,0.983,0.697,90.908,2.61,0.76,0.0,0.76,0.0,0.755,0.0,0.755,0.0,238,259,258,200_82,0.515,0.859,0.78
250_20,250,0.979,0.889,90.968,2.952,0.744,0.0,0.744,0.0,0.736,0.0,0.736,0.0,240,261,260,250_20,0.515,0.859,0.78
150_13,150,0.974,0.764,90.064,2.649,0.66,0.04,0.7,0.0,0.667,0.067,0.733,0.0,229,250,249,150_13,0.515,0.859,0.78
50_60,50,0.789,1.843,85.221,3.267,0.7,0.0,0.7,0.0,0.7,0.0,0.7,0.0,358,394,128,50_60,0.515,0.859,0.78
200_1,200,0.969,0.954,92.431,2.293,0.675,0.02,0.695,0.0,0.675,0.0,0.675,0.0,234,255,254,200_1,0.515,0.859,0.78
250_93,250,0.955,1.313,83.396,4.58,0.74,0.0,0.74,0.0,0.744,0.0,0.744,0.0,245,266,265,250_93,0.515,0.859,0.78
250_64,250,0.974,0.976,86.704,3.975,0.48,0.208,0.688,0.0,0.48,0.196,0.676,0.0,243,264,263,250_64,0.515,0.859,0.78
200_39,200,0.988,0.597,90.076,2.655,0.78,0.0,0.78,0.0,0.785,0.0,0.785,0.0,159,177,176,250_10,0.515,0.859,0.78
200_68,200,0.975,0.939,85.656,4.511,0.685,0.02,0.705,0.0,0.675,0.02,0.695,0.0,237,258,257,200_68,0.515,0.859,0.78
150_42,150,0.943,1.206,86.6,3.575,0.28,0.247,0.527,0.0,0.28,0.253,0.533,0.0,231,252,251,150_42,0.515,0.859,0.78
50_31,50,0.839,1.213,86.767,4.729,0.78,0.0,0.78,0.0,0.78,0.0,0.78,0.0,358,405,392,50_71,0.515,0.859,0.78
250_35,250,0.899,2.227,78.482,5.565,0.6,0.072,0.672,0.0,0.58,0.092,0.672,0.0,241,262,261,,0.515,0.859,0.78
200_24,200,0.957,1.149,89.139,3.453,0.79,0.025,0.815,0.0,0.795,0.0,0.795,0.0,235,256,255,200_24,0.515,0.859,0.78
50_75,50,0.963,0.452,91.551,1.989,0.8,0.0,0.8,0.0,0.8,0.0,0.8,0.0,358,405,392,50_75,0.515,0.859,0.78
100_60,100,0.909,1.324,86.265,3.304,0.53,0.0,0.53,0.0,0.54,0.08,0.62,0.0,227,247,246,100_60,0.515,0.859,0.78
250_79,250,0.968,1.094,82.075,5.704,0.584,0.084,0.668,0.0,0.584,0.076,0.66,0.0,244,265,264,250_79,0.515,0.859,0.78
250_5,250,0.978,0.882,88.465,3.014,0.82,0.0,0.82,0.0,0.808,0.0,0.808,0.0,242,263,262,250_5,0.515,0.859,0.78
200_53,200,0.963,1.071,82.461,5.442,0.725,0.0,0.725,0.0,0.715,0.0,0.715,0.0,236,257,256,200_53,0.515,0.859,0.78
150_71,150,0.952,1.049,86.735,3.355,0.687,0.0,0.687,0.0,0.687,0.0,0.687,0.0,233,254,253,150_71,0.515,0.859,0.78
100_75,100,0.9,1.365,73.073,6.164,0.48,0.05,0.53,0.0,0.48,0.05,0.53,0.0,228,248,247,100_75,0.515,0.859,0.78
150_86,150,0.946,1.132,88.825,3.499,0.733,0.0,0.733,0.0,0.76,0.0,0.76,0.0,349,401,388,150_86,0.515,0.859,0.78
100_9,100,0.969,0.657,90.062,3.178,0.76,0.0,0.76,0.0,0.76,0.0,0.76,0.0,360,249,248,100_9,0.515,0.859,0.78
50_46,50,0.903,0.794,89.608,2.984,0.26,0.46,0.72,0.0,0.26,0.44,0.7,0.0,116,128,127,50_46,0.515,0.859,0.78
50_17,50,0.864,0.983,89.909,2.736,0.72,0.0,0.72,0.0,0.72,0.0,0.72,0.0,358,402,379,50_17,0.515,0.859,0.78
200_97,200,0.97,0.935,89.563,2.958,0.765,0.0,0.765,0.0,0.765,0.0,0.765,0.0,239,260,259,200_97,0.515,0.859,0.78
100_31,100,0.837,1.797,83.113,5.442,0.72,0.0,0.72,0.0,0.75,0.0,0.75,0.0,225,245,244,100_31,0.515,0.859,0.78
150_28,150,0.977,0.735,92.747,2.133,0.807,0.0,0.807,0.0,0.8,0.0,0.8,0.0,230,251,250,150_28,0.515,0.859,0.78
100_46,100,0.965,0.705,90.05,2.507,0.68,0.0,0.68,0.0,0.67,0.0,0.67,0.0,226,246,245,100_46,0.515,0.859,0.78
